feature,importance,observed_train_fraction
x_+1_center_dy_norm,0.016416221857070923,1.0
x_+1_right_height_norm,0.014708957634866238,1.0
x_-1_center_dy_norm,0.014243549667298794,1.0
x_+1_left_height_norm,0.011745850555598736,1.0
x_-2_right_height_norm,0.01110757328569889,1.0
x_-1_left_height_norm,0.01096596010029316,1.0
x_+2_center_dx_norm,0.010671332478523254,1.0
x_-13_center_dy_norm,0.010213789530098438,0.07009784211231739
x_-1_center_dx_norm,0.00977517943829298,1.0
x_-1_right_height_norm,0.0092734694480896,1.0
x_+2_left_height_norm,0.009245850145816803,1.0
x_+9_right_height_norm,0.009233220480382442,0.33373542420587055
x_+3_right_height_norm,0.009148669429123402,0.8802439351293392
x_-8_orientation_relative_deg,0.008886932395398617,0.41582897734888086
x_+2_center_dy_norm,0.008628733456134796,1.0
x_+4_right_height_norm,0.008388517424464226,0.7825358531028013
x_+2_right_height_norm,0.008063393644988537,1.0
x_-13_right_height_norm,0.008037262596189976,0.07009784211231739
x_+3_left_height_norm,0.007928706705570221,0.8802439351293392
x_+3_center_dy_norm,0.007865458726882935,0.8802439351293392
x_-2_center_dx_norm,0.007641441188752651,1.0
x_+1_center_dx_norm,0.007498589809983969,1.0
x_-2_center_dy_norm,0.007476023864001036,1.0
x_+5_left_height_norm,0.007463183254003525,0.6863691194209891
x_-2_left_height_norm,0.007426319178193808,1.0
x_+12_superior_width_norm,0.00731789693236351,0.12310682214180405
x_+7_right_height_norm,0.007187712471932173,0.5020774695081088
x_-5_orientation_relative_deg,0.007173800840973854,0.6863691194209891
x_-6_orientation_relative_deg,0.007104901596903801,0.5924138855381316
x_-13_superior_width_norm,0.007002272643148899,0.07009784211231739
x_+5_right_height_norm,0.006876789499074221,0.6863691194209891
x_+3_center_dx_norm,0.006838569883257151,0.8802439351293392
x_+4_center_dy_norm,0.006783421617001295,0.7825358531028013
x_+7_left_height_norm,0.006775493733584881,0.5020774695081088
x_+13_center_dy_norm,0.006764182820916176,0.07009784211231739
x_-11_center_dy_norm,0.006488621700555086,0.186436134566412
x_-7_inferior_width_norm,0.006432514637708664,0.5020774695081088
x_-9_left_height_norm,0.006383182015269995,0.33373542420587055
x_-3_center_dx_norm,0.006369992159307003,0.8802439351293392
x_-13_inferior_width_norm,0.006354069337248802,0.07009784211231739
x_-5_inferior_width_norm,0.006342409644275904,0.6863691194209891
x_-13_left_height_norm,0.006293128710240126,0.07009784211231739
x_+6_center_dy_norm,0.00610513286665082,0.5924138855381316
x_-6_center_dy_norm,0.0060555157251656055,0.5924138855381316
x_-10_left_height_norm,0.0060267215594649315,0.2570700978421123
x_-4_center_dy_norm,0.0060144588351249695,0.7825358531028013
x_-6_right_height_norm,0.005913523491472006,0.5924138855381316
x_+9_center_dy_norm,0.005894285161048174,0.33373542420587055
x_-11_orientation_relative_deg,0.005847323685884476,0.186436134566412
x_-3_center_dy_norm,0.005839492194354534,0.8802439351293392
x_+12_center_dy_norm,0.0058356584049761295,0.12310682214180405
x_-4_inferior_width_norm,0.0058165076188743114,0.7825358531028013
x_-4_orientation_relative_deg,0.005760161206126213,0.7825358531028013
x_-11_center_dx_norm,0.005754024256020784,0.186436134566412
x_-6_inferior_width_norm,0.005707076285034418,0.5924138855381316
x_+10_center_dy_norm,0.0056732892990112305,0.2570700978421123
x_+10_superior_width_norm,0.0056404671631753445,0.2570700978421123
x_-3_inferior_width_norm,0.005624012090265751,0.8802439351293392
x_-2_inferior_width_norm,0.005608811043202877,1.0
x_-7_superior_width_norm,0.005603286437690258,0.5020774695081088
x_-5_center_dy_norm,0.005601081065833569,0.6863691194209891
x_+3_inferior_width_norm,0.005582255311310291,0.8802439351293392
x_-10_superior_width_norm,0.005565943196415901,0.2570700978421123
x_+11_superior_width_norm,0.005537146236747503,0.186436134566412
x_-7_right_height_norm,0.0055107492953538895,0.5020774695081088
x_-12_inferior_width_norm,0.005487015936523676,0.12310682214180405
x_-5_right_height_norm,0.005479412619024515,0.6863691194209891
x_-10_orientation_relative_deg,0.005443802569061518,0.2570700978421123
x_+6_orientation_relative_deg,0.005364489275962114,0.5924138855381316
x_+1_superior_width_norm,0.00536382244899869,1.0
x_+4_center_dx_norm,0.005360351875424385,0.7825358531028013
x_-8_center_dx_norm,0.005324678495526314,0.41582897734888086
x_+11_right_height_norm,0.005293480586260557,0.186436134566412
x_+5_center_dx_norm,0.005291038658469915,0.6863691194209891
x_+11_left_height_norm,0.005275891162455082,0.186436134566412
x_-7_orientation_relative_deg,0.005228816997259855,0.5020774695081088
x_+5_center_dy_norm,0.005210020113736391,0.6863691194209891
x_+9_orientation_relative_deg,0.005204536020755768,0.33373542420587055
x_-1_superior_width_norm,0.005186229012906551,1.0
x_+4_superior_width_norm,0.0051835705526173115,0.7825358531028013
x_+7_center_dy_norm,0.005178143735975027,0.5020774695081088
x_-6_center_dx_norm,0.005169533658772707,0.5924138855381316
x_-8_center_dy_norm,0.005160992033779621,0.41582897734888086
x_-5_superior_width_norm,0.005148654337972403,0.6863691194209891
x_-12_left_height_norm,0.00513750733807683,0.12310682214180405
x_-2_orientation_relative_deg,0.005118908826261759,1.0
x_+3_orientation_relative_deg,0.005102892871946096,0.8802439351293392
x_-12_center_dy_norm,0.005078415386378765,0.12310682214180405
x_+6_right_height_norm,0.004990565590560436,0.5924138855381316
x_+2_orientation_relative_deg,0.004976459313184023,1.0
x_-5_left_height_norm,0.004974037874490023,0.6863691194209891
x_-5_center_dx_norm,0.004950309172272682,0.6863691194209891
x_+8_right_height_norm,0.004926736932247877,0.41582897734888086
x_-3_orientation_relative_deg,0.004926441702991724,0.8802439351293392
x_+1_orientation_relative_deg,0.004850747995078564,1.0
x_+4_inferior_width_norm,0.00483106542378664,0.7825358531028013
x_+5_inferior_width_norm,0.004818388260900974,0.6863691194209891
x_+7_inferior_width_norm,0.00477777561172843,0.5020774695081088
x_+5_orientation_relative_deg,0.004765139427036047,0.6863691194209891
x_+8_center_dx_norm,0.004751851316541433,0.41582897734888086
x_-3_left_height_norm,0.004751215688884258,0.8802439351293392
x_+9_inferior_width_norm,0.00474575674161315,0.33373542420587055
x_+8_left_height_norm,0.004740180913358927,0.41582897734888086
x_-1_orientation_relative_deg,0.004723954480141401,1.0
x_+8_center_dy_norm,0.004690778441727161,0.41582897734888086
x_-6_left_height_norm,0.0046709622256457806,0.5924138855381316
x_+11_center_dy_norm,0.0046683368273079395,0.186436134566412
x_+6_inferior_width_norm,0.004634832497686148,0.5924138855381316
x_-13_orientation_relative_deg,0.004620488733053207,0.07009784211231739
x_+2_superior_width_norm,0.004618391394615173,1.0
x_-10_center_dy_norm,0.004616745747625828,0.2570700978421123
x_+9_left_height_norm,0.004607283975929022,0.33373542420587055
x_+4_left_height_norm,0.004599513486027718,0.7825358531028013
x_-7_center_dx_norm,0.004585957154631615,0.5020774695081088
x_+10_center_dx_norm,0.004550343379378319,0.2570700978421123
x_+8_orientation_relative_deg,0.004546205047518015,0.41582897734888086
x_-4_center_dx_norm,0.00453905900940299,0.7825358531028013
x_+6_center_dx_norm,0.004520128481090069,0.5924138855381316
x_+3_superior_width_norm,0.004517596680670977,0.8802439351293392
x_-11_left_height_norm,0.004504818003624678,0.186436134566412
x_+8_inferior_width_norm,0.004496690351516008,0.41582897734888086
x_+10_right_height_norm,0.004494383931159973,0.2570700978421123
x_-1_inferior_width_norm,0.004492687992751598,1.0
x_-3_superior_width_norm,0.004486088175326586,0.8802439351293392
x_+1_inferior_width_norm,0.004473644774407148,1.0
x_-3_right_height_norm,0.004463477060198784,0.8802439351293392
x_+7_orientation_relative_deg,0.004422033205628395,0.5020774695081088
x_+11_inferior_width_norm,0.004401650745421648,0.186436134566412
x_+6_superior_width_norm,0.004385252017527819,0.5924138855381316
x_-14_center_dy_norm,0.004380612168461084,0.028012330786757807
x_+12_right_height_norm,0.004358713980764151,0.12310682214180405
x_-8_inferior_width_norm,0.004350817296653986,0.41582897734888086
x_+12_inferior_width_norm,0.004345863591879606,0.12310682214180405
x_+7_center_dx_norm,0.004340397659689188,0.5020774695081088
x_-12_right_height_norm,0.00433677202090621,0.12310682214180405
x_+8_superior_width_norm,0.004324793815612793,0.41582897734888086
x_-14_orientation_relative_deg,0.004318419843912125,0.028012330786757807
x_-6_superior_width_norm,0.004318058490753174,0.5924138855381316
x_-4_right_height_norm,0.00431701960042119,0.7825358531028013
x_+6_left_height_norm,0.004301086068153381,0.5924138855381316
x_-2_superior_width_norm,0.00426810048520565,1.0
x_-7_center_dy_norm,0.00426541268825531,0.5020774695081088
x_-9_superior_width_norm,0.004218970891088247,0.33373542420587055
x_-11_superior_width_norm,0.004159431904554367,0.186436134566412
x_+10_left_height_norm,0.004123262129724026,0.2570700978421123
x_+4_orientation_relative_deg,0.0041196453385055065,0.7825358531028013
x_+11_center_dx_norm,0.004085102584213018,0.186436134566412
x_-9_center_dy_norm,0.004080077633261681,0.33373542420587055
x_+2_inferior_width_norm,0.0040654027834534645,1.0
x_-4_superior_width_norm,0.004042745102196932,0.7825358531028013
x_-8_left_height_norm,0.00397890992462635,0.41582897734888086
x_-8_superior_width_norm,0.0039247144013643265,0.41582897734888086
x_-10_inferior_width_norm,0.0038976005744189024,0.2570700978421123
x_-10_center_dx_norm,0.0038855255115777254,0.2570700978421123
x_-11_inferior_width_norm,0.0038821047637611628,0.186436134566412
x_-9_right_height_norm,0.0038052161689847708,0.33373542420587055
x_-9_orientation_relative_deg,0.003762424923479557,0.33373542420587055
x_-7_left_height_norm,0.0037331562489271164,0.5020774695081088
x_-4_left_height_norm,0.0037323967553675175,0.7825358531028013
x_+5_superior_width_norm,0.003710974007844925,0.6863691194209891
x_+12_center_dx_norm,0.0036582336761057377,0.12310682214180405
x_+9_superior_width_norm,0.003656590124592185,0.33373542420587055
x_+7_superior_width_norm,0.0036455243825912476,0.5020774695081088
x_+13_superior_width_norm,0.003593613626435399,0.07009784211231739
x_-10_right_height_norm,0.0034839597065001726,0.2570700978421123
x_-8_right_height_norm,0.0033893941435962915,0.41582897734888086
x_+12_left_height_norm,0.003341058036312461,0.12310682214180405
x_+9_center_dx_norm,0.0033112496603280306,0.33373542420587055
x_+10_inferior_width_norm,0.0032874909229576588,0.2570700978421123
x_-12_superior_width_norm,0.0032697960268706083,0.12310682214180405
x_+11_orientation_relative_deg,0.003132411977276206,0.186436134566412
x_-9_inferior_width_norm,0.0031270822510123253,0.33373542420587055
x_-11_right_height_norm,0.0029578092508018017,0.186436134566412
x_-12_orientation_relative_deg,0.002881700173020363,0.12310682214180405
x_+13_left_height_norm,0.0028714267536997795,0.07009784211231739
x_-14_inferior_width_norm,0.002798860426992178,0.028012330786757807
x_-9_center_dx_norm,0.0026771528646349907,0.33373542420587055
x_+13_right_height_norm,0.0025934886652976274,0.07009784211231739
x_+14_center_dy_norm,0.002504724310711026,0.028012330786757807
x_+10_orientation_relative_deg,0.002336320234462619,0.2570700978421123
x_+13_center_dx_norm,0.0022968167904764414,0.07009784211231739
x_-14_superior_width_norm,0.0022822380997240543,0.028012330786757807
x_+13_inferior_width_norm,0.0022542718797922134,0.07009784211231739
x_-13_center_dx_norm,0.0022262188140302896,0.07009784211231739
x_+12_orientation_relative_deg,2.8591934096766636e-05,0.12310682214180405
x_+22_superior_width_norm,0.0,0.0
x_+23_right_height_norm,0.0,0.0
x_+23_left_height_norm,0.0,0.0
x_+22_center_dy_norm,0.0,0.0
x_+22_center_dx_norm,0.0,0.0
x_+22_orientation_relative_deg,0.0,0.0
x_+22_inferior_width_norm,0.0,0.0
x_-23_right_height_norm,0.0,0.0
x_-23_left_height_norm,0.0,0.0
x_-14_right_height_norm,0.0,0.028012330786757807
x_-12_center_dx_norm,0.0,0.12310682214180405
x_+23_orientation_relative_deg,0.0,0.0
x_+23_superior_width_norm,0.0,0.0
x_+23_inferior_width_norm,0.0,0.0
x_-23_superior_width_norm,0.0,0.0
x_-23_inferior_width_norm,0.0,0.0
x_-23_orientation_relative_deg,0.0,0.0
x_-23_center_dx_norm,0.0,0.0
x_-23_center_dy_norm,0.0,0.0
x_-22_left_height_norm,0.0,0.0
x_-22_right_height_norm,0.0,0.0
x_-22_superior_width_norm,0.0,0.0
x_-22_inferior_width_norm,0.0,0.0
x_-22_orientation_relative_deg,0.0,0.0
x_-22_center_dx_norm,0.0,0.0
x_-22_center_dy_norm,0.0,0.0
x_-21_left_height_norm,0.0,0.0
x_-21_right_height_norm,0.0,0.0
x_+21_inferior_width_norm,0.0,0.0
x_+21_orientation_relative_deg,0.0,0.0
x_+21_center_dx_norm,0.0,0.0
x_+21_center_dy_norm,0.0,0.0
x_+22_left_height_norm,0.0,0.0
x_+22_right_height_norm,0.0,0.0
x_-15_left_height_norm,0.0,0.0
x_-15_right_height_norm,0.0,0.0
x_-15_inferior_width_norm,0.0,0.0
x_-15_center_dx_norm,0.0,0.0
x_-15_orientation_relative_deg,0.0,0.0
x_-15_superior_width_norm,0.0,0.0
x_-14_center_dx_norm,0.0,0.028012330786757807
x_-18_orientation_relative_deg,0.0,0.0
x_-18_inferior_width_norm,0.0,0.0
x_-18_superior_width_norm,0.0,0.0
x_-18_right_height_norm,0.0,0.0
x_-18_left_height_norm,0.0,0.0
x_-19_center_dy_norm,0.0,0.0
x_-19_center_dx_norm,0.0,0.0
x_-19_orientation_relative_deg,0.0,0.0
x_-15_center_dy_norm,0.0,0.0
x_-14_left_height_norm,0.0,0.028012330786757807
x_-17_center_dx_norm,0.0,0.0
x_-17_orientation_relative_deg,0.0,0.0
x_-17_right_height_norm,0.0,0.0
x_-17_left_height_norm,0.0,0.0
x_-17_inferior_width_norm,0.0,0.0
x_-17_superior_width_norm,0.0,0.0
x_-18_center_dx_norm,0.0,0.0
x_-18_center_dy_norm,0.0,0.0
x_-21_superior_width_norm,0.0,0.0
x_-21_inferior_width_norm,0.0,0.0
x_-21_orientation_relative_deg,0.0,0.0
x_-21_center_dx_norm,0.0,0.0
x_-21_center_dy_norm,0.0,0.0
x_-20_left_height_norm,0.0,0.0
x_-16_right_height_norm,0.0,0.0
x_-16_superior_width_norm,0.0,0.0
x_-16_inferior_width_norm,0.0,0.0
x_-16_orientation_relative_deg,0.0,0.0
x_-16_center_dx_norm,0.0,0.0
x_-16_center_dy_norm,0.0,0.0
x_-17_center_dy_norm,0.0,0.0
x_-16_left_height_norm,0.0,0.0
x_-19_right_height_norm,0.0,0.0
x_-19_left_height_norm,0.0,0.0
x_-20_center_dy_norm,0.0,0.0
x_-20_center_dx_norm,0.0,0.0
x_-20_orientation_relative_deg,0.0,0.0
x_-20_inferior_width_norm,0.0,0.0
x_-20_superior_width_norm,0.0,0.0
x_-20_right_height_norm,0.0,0.0
x_-19_inferior_width_norm,0.0,0.0
x_+13_orientation_relative_deg,0.0,0.07009784211231739
x_+14_left_height_norm,0.0,0.028012330786757807
x_+14_right_height_norm,0.0,0.028012330786757807
x_+14_superior_width_norm,0.0,0.028012330786757807
x_+14_inferior_width_norm,0.0,0.028012330786757807
x_+14_orientation_relative_deg,0.0,0.028012330786757807
x_-19_superior_width_norm,0.0,0.0
x_+14_center_dx_norm,0.0,0.028012330786757807
x_+15_left_height_norm,0.0,0.0
x_+15_right_height_norm,0.0,0.0
x_+15_superior_width_norm,0.0,0.0
x_+15_inferior_width_norm,0.0,0.0
x_+15_orientation_relative_deg,0.0,0.0
x_+15_center_dx_norm,0.0,0.0
x_+15_center_dy_norm,0.0,0.0
x_+16_left_height_norm,0.0,0.0
x_+16_right_height_norm,0.0,0.0
x_+16_superior_width_norm,0.0,0.0
x_+16_inferior_width_norm,0.0,0.0
x_+16_orientation_relative_deg,0.0,0.0
x_+16_center_dx_norm,0.0,0.0
x_+16_center_dy_norm,0.0,0.0
x_+17_left_height_norm,0.0,0.0
x_+17_right_height_norm,0.0,0.0
x_+17_superior_width_norm,0.0,0.0
x_+17_inferior_width_norm,0.0,0.0
x_+17_orientation_relative_deg,0.0,0.0
x_+17_center_dx_norm,0.0,0.0
x_+17_center_dy_norm,0.0,0.0
x_+18_left_height_norm,0.0,0.0
x_+18_right_height_norm,0.0,0.0
x_+18_superior_width_norm,0.0,0.0
x_+18_inferior_width_norm,0.0,0.0
x_+18_orientation_relative_deg,0.0,0.0
x_+18_center_dx_norm,0.0,0.0
x_+18_center_dy_norm,0.0,0.0
x_+19_left_height_norm,0.0,0.0
x_+19_right_height_norm,0.0,0.0
x_+19_superior_width_norm,0.0,0.0
x_+19_inferior_width_norm,0.0,0.0
x_+19_orientation_relative_deg,0.0,0.0
x_+19_center_dx_norm,0.0,0.0
x_+19_center_dy_norm,0.0,0.0
x_+20_left_height_norm,0.0,0.0
x_+20_right_height_norm,0.0,0.0
x_+20_superior_width_norm,0.0,0.0
x_+20_inferior_width_norm,0.0,0.0
x_+20_orientation_relative_deg,0.0,0.0
x_+20_center_dx_norm,0.0,0.0
x_+20_center_dy_norm,0.0,0.0
x_+21_left_height_norm,0.0,0.0
x_+21_right_height_norm,0.0,0.0
x_+21_superior_width_norm,0.0,0.0
x_+23_center_dx_norm,0.0,0.0
x_+23_center_dy_norm,0.0,0.0
