split,source_dataset,output,unit,samples,baseline_mae,model_mae,baseline_rmse,model_rmse,baseline_residual_r2,model_residual_r2,unweighted_model_mae,model_median_absolute_error,model_p90_absolute_error,model_p95_absolute_error,relative_mae_improvement_percent,baseline_within_5pct_reference_percent,model_within_5pct_reference_percent,baseline_within_10pct_reference_percent,model_within_10pct_reference_percent,baseline_mae_px,model_mae_px,baseline_rmse_px,model_rmse_px,model_p95_absolute_error_px,baseline_within_5px_percent,model_within_5px_percent,baseline_within_10px_percent,model_within_10px_percent,baseline_within_2deg_percent,model_within_2deg_percent,baseline_within_5deg_percent,model_within_5deg_percent
val,BUU AP,left_height,normalized,40,0.07501458543356884,0.053483816571525254,0.13090515988833104,0.08393397626045328,-0.2228310498887982,0.4972772694836547,0.053483816571525254,0.0371783700839678,0.09098354424404458,0.12585989711935336,28.70211004646654,52.5,70.0,82.5,92.5,12.493723501728436,8.90286215043319,19.71601666415624,12.688585299021009,19.424771378832848,27.500000000000004,40.0,62.5,70.0,,,,
val,BUU AP,right_height,normalized,40,0.06424570944343214,0.049396861124160515,0.12419317715472257,0.08315429728945702,-0.14188373943776966,0.4880874117742151,0.049396861124160515,0.029423725767040068,0.0843055082200308,0.132484310102584,23.11259140557226,70.0,70.0,87.5,90.0,10.676249358369123,8.391664256257615,18.52266231816035,12.809110084817892,23.583249522390556,42.5,50.0,72.5,70.0,,,,
val,BUU AP,superior_width,normalized,40,0.025060331569595466,0.024214433506055733,0.03450025924249301,0.03497894967295933,-0.002887338251238658,-0.03091049408247537,0.024214433506055733,0.017225841047207136,0.04944880492438703,0.07644732355344284,3.375446414946969,85.0,90.0,100.0,97.5,9.176173149972518,8.923432233227967,12.946265022208427,13.456632191345026,25.444907505391377,37.5,50.0,67.5,67.5,,,,
val,BUU AP,inferior_width,normalized,40,0.029587553182450883,0.03059659527973279,0.039307091718548674,0.042554039985493036,-0.0014911814734028805,-0.17378052600931548,0.03059659527973279,0.025287896396751372,0.05159633704961525,0.06185310485506742,-3.410360062759074,90.0,87.5,95.0,97.5,10.704790242350342,11.090472643698856,15.239634188622281,16.56445388857841,24.304755749131424,25.0,25.0,67.5,60.0,,,,
val,BUU AP,orientation,degrees,40,1.3360824542744751,1.0990768827953694,2.008804450514059,1.5557486337814694,-0.03930340901201723,0.3766300189726699,1.0990768827953694,0.8749319453577158,2.2642852290454814,2.523382425297903,17.738843191964932,,,,,,,,,,,,,,80.0,87.5,97.5,97.5
val,Lumos AP,left_height,normalized,62,0.07686954991902872,0.06551719484241375,0.09835902826284533,0.08386802801038473,-0.002314464923877102,0.27126705786210714,0.06858024296023453,0.053542821270104776,0.14733559918956496,0.16324889199953382,14.768338163255912,41.72619047619048,52.767857142857146,71.94940476190477,73.03571428571428,12.954693116584574,11.014313668414918,16.563671459198723,14.117460995176653,28.633410793254516,28.42261904761905,27.500000000000004,45.37202380952382,56.47321428571429,,,,
val,Lumos AP,right_height,normalized,62,0.08237364232645249,0.0664343684457324,0.10234004722888594,0.08589099194138969,-6.325476979274214e-05,0.2955803196576733,0.07087554508163728,0.05116126509748918,0.14979840765563623,0.17102017836250857,19.349968546433374,33.31845238095239,55.8779761904762,68.82440476190477,74.80654761904762,13.917331841564799,11.026060407948659,17.127579746159704,14.200055026447284,29.271801569067335,23.36309523809524,30.446428571428573,40.00000000000001,60.788690476190474,,,,
val,Lumos AP,superior_width,normalized,62,0.042762170448580696,0.04399796620177827,0.053373537949116145,0.05514884029399278,-0.004211437499886728,-0.0721262974627932,0.04124148844685333,0.02745763355346724,0.09286407890009359,0.1074569149869556,-2.889927569704518,56.57738095238096,59.70238095238096,94.9404761904762,90.77380952380953,13.551965622412762,14.030936875724723,17.025023796725687,17.661479483028355,35.02493170931587,31.60714285714286,25.34226190476191,47.72321428571429,50.32738095238096,,,,
val,Lumos AP,inferior_width,normalized,62,0.0480042228012487,0.047146510859151315,0.059589122022019214,0.058760802429450004,-0.005950765609448849,0.021821331251775766,0.0448375600834084,0.037805563933559404,0.10550547088161864,0.11047709925365382,1.7867426906348587,55.16369047619049,61.7857142857143,87.96130952380953,87.96130952380953,15.232259783930083,14.945229239222607,18.965198633687,18.60925951384876,31.76366049921775,17.05357142857143,17.946428571428573,44.3154761904762,41.86011904761905,,,,
val,Lumos AP,orientation,degrees,62,1.0963953890790246,1.0520881702916245,1.3807905434297443,1.3283257432009514,-0.0011450856006562926,0.0734889769976439,1.0852482792446037,1.017615755423975,2.0698081158896584,2.5511760641953805,4.041171572658498,,,,,,,,,,,,,,84.37500000000001,84.41964285714286,100.0,100.0
val,MICCAI-2019,left_height,normalized,624,0.09147584647510597,0.08392092710650274,0.13050085954613508,0.11664842757726623,-0.000834193093566693,0.2003624721447954,0.08392092710650272,0.0601984784053,0.18511620558397998,0.24203241579899726,8.258922611510574,39.90384615384616,41.346153846153854,66.50641025641026,69.39102564102565,7.746801432817998,7.089383076898524,10.379672313358743,9.319021812966254,19.574212249110882,43.750000000000014,47.435897435897445,71.9551282051282,76.12179487179488,,,,
val,MICCAI-2019,right_height,normalized,624,0.09719088469436238,0.08848276732155,0.13488700324769196,0.11984739180729896,-0.0016774776889341148,0.20923967577429825,0.08848276732154996,0.06651357345606229,0.1825018562544871,0.23967150254776912,8.959808731237427,36.37820512820514,38.78205128205129,62.500000000000014,64.90384615384616,8.442093986458863,7.6251698443118,11.443601501079925,10.047674069893318,19.343109921301675,41.82692307692308,43.42948717948719,68.91025641025641,69.87179487179486,,,,
val,MICCAI-2019,superior_width,normalized,624,0.049260180592177266,0.04301529371745464,0.0654291712150742,0.057674674442320197,-0.005230736396926394,0.21892412424258834,0.04301529371745463,0.03225274137654319,0.09476402078500168,0.11698990342253719,12.677352782004096,62.01923076923078,69.39102564102565,88.62179487179488,91.34615384615385,7.682540076680579,6.6300898337821526,10.21667171283849,8.884160301312688,18.598573402309498,43.10897435897437,49.198717948717956,72.91666666666669,79.00641025641026,,,,
val,MICCAI-2019,inferior_width,normalized,624,0.053976290946158315,0.04799009694127827,0.07215357262182169,0.06471454987549159,-0.0033544094500368438,0.19287173953020276,0.04799009694127825,0.03622276127804109,0.10920153957565662,0.1380565378891846,11.090413772319616,58.17307692307694,62.98076923076924,84.77564102564104,88.46153846153847,8.38903459964295,7.3994108074465235,11.369610527915425,10.073903362025089,19.822453967860874,42.14743589743591,46.95512820512822,67.94871794871796,73.71794871794873,,,,
val,MICCAI-2019,orientation,degrees,624,2.355504099205625,1.9416750732208061,3.1004510796682663,2.631259695166675,-0.0005682926816703571,0.27934999070585875,1.941675073220805,1.4993270289348288,3.9515677374306537,4.882516968139388,17.56859714760757,,,,,,,,,,,,,,50.96153846153847,62.82051282051283,91.02564102564102,95.1923076923077
val,Mendeley PA,left_height,normalized,1131,0.08692819455672919,0.07499495064710948,0.12458074967868567,0.1081144897847581,-0.0004095029321575794,0.24656856721851628,0.07499495064710947,0.05498939090514371,0.15480900608048948,0.19261845293623908,13.727702468077942,41.20247568523432,45.26967285587977,69.31918656056588,73.38638373121134,6.043891657262712,5.247783336638916,9.74820316448964,8.571770745163871,18.042346056081815,60.83112290008844,65.78249336870027,81.07869142351902,84.61538461538464,,,,
val,Mendeley PA,right_height,normalized,1131,0.08850105209795847,0.07607810366913634,0.12329720910682475,0.1091811442345281,-0.00019228862307696382,0.21571791936545737,0.07607810366913631,0.05594404319088486,0.1624141441989129,0.21005121972832702,14.037062988891524,39.87621573828471,45.62334217506633,68.43501326259948,75.06631299734748,6.155958362320446,5.2836699958823115,9.697464220757753,8.519211257348156,17.57688237401144,60.65428824049515,65.25198938992044,79.84084880636605,83.99646330680814,,,,
val,Mendeley PA,superior_width,normalized,1131,0.052090527923504784,0.048309327956944495,0.07507024785328355,0.07148647330896224,-0.0032465101730321244,0.09025494690253844,0.048309327956944474,0.03600055507290205,0.0991585157406453,0.1237023266272713,7.258901219263897,60.74270557029179,64.98673740053053,88.41732979664015,90.53934571175952,6.267876471139965,5.812131062642212,10.610430792466495,10.028713767154162,21.224302022314376,64.27939876215738,65.69407603890365,80.28293545534926,82.49336870026525,,,,
val,Mendeley PA,inferior_width,normalized,1131,0.05266248896083788,0.049358123984448075,0.0754329550767046,0.07230420104803705,-0.004291877924951448,0.07729097043139854,0.04935812398444807,0.03767131192483661,0.09878816142103025,0.12717577871853938,6.2746084387448455,59.77011494252875,62.59946949602123,88.0636604774536,90.36251105216625,6.220140273165033,5.790837811833399,10.108973069742177,9.600219686830455,21.48604561472729,62.68788682581787,64.98673740053053,80.63660477453584,82.49336870026528,,,,
val,Mendeley PA,orientation,degrees,1131,2.9471770774126824,2.667994582029308,7.946801988736861,7.6803197797780145,-2.2834362672696784e-05,0.0659207195667556,2.6679945820293067,1.313390312402376,3.8662678942444444,5.06037141726987,9.472878217024808,,,,,,,,,,,,,,61.45004420866491,67.46242263483644,91.6003536693192,94.96021220159152
val,NIH ChestX-ray14,left_height,normalized,227,0.060462355191078294,0.05686731802818678,0.07971742050551854,0.07365681695436467,-7.786650072372225e-05,0.1462057314014169,0.05677768897439219,0.04748082173270277,0.1163546891350127,0.14620743926901905,5.9459098996891075,53.41680350301039,52.915982484947996,79.9055829228243,85.03147235905857,3.3632069219645073,3.161049854945646,4.405385228979882,4.035344556465648,7.373783801920702,78.11713191023534,80.13820470717022,96.3998357963875,97.90229885057471,,,,
val,NIH ChestX-ray14,right_height,normalized,227,0.06396147726255831,0.05924721186721136,0.08440736589890782,0.0767277965371624,-0.0002824913839174492,0.17345324554167174,0.05859388075195081,0.048168824218140435,0.12631523969220818,0.15502767566961026,7.370476100786656,51.424466338259435,52.194854953475634,77.6327312534209,80.98111658456484,3.560979599445102,3.3271741221994855,4.667517803287388,4.251904597408093,8.051236340377347,74.49644225506293,77.77504105090311,96.16995073891626,97.34811165845649,,,,
val,NIH ChestX-ray14,superior_width,normalized,227,0.03761877331921068,0.036905122422417884,0.05217009312156174,0.051412372532973594,-0.0014455930823416008,0.027433228560045597,0.03756807526121912,0.026303837215680408,0.08097453213766195,0.10344033313116736,1.8970605201216324,73.10892172961138,74.52517788724683,93.6152162014231,93.24849480021894,3.3742446206637933,3.299567269163768,4.695418525159506,4.626946260329092,9.04221661945259,77.12506841817185,78.94772851669401,95.69786535303777,96.09195402298852,,,,
val,NIH ChestX-ray14,inferior_width,normalized,227,0.04196929503637934,0.04092083231268726,0.05636461766327762,0.055144725478290066,-0.003216549411717784,0.03973850402635648,0.040314552813006076,0.03327531934548572,0.09091834911224926,0.10637624593094996,2.498166154049674,70.79775588396278,68.61795292829774,92.2263273125342,92.53831417624522,3.8179706377291867,3.715713715708105,5.181561551360429,5.045210716094953,9.59469598325506,74.11466885604816,73.65489874110563,94.88779419813903,94.88779419813903,,,,
val,NIH ChestX-ray14,orientation,degrees,227,1.2275972979866905,1.191717524992384,1.6316694451817966,1.605268493130627,-0.0003389606153607616,0.031770778939163025,1.1343115107683281,0.9086623140668877,2.641561513941594,3.0082871036216896,2.9227640899137564,,,,,,,,,,,,,,80.07389162561576,79.2309797482211,99.13793103448276,99.13793103448276
test,BUU AP,left_height,normalized,40,0.060187546970584684,0.04449547932811322,0.08399548452962047,0.058669370855600575,-0.050510280487158,0.4874794428120127,0.04449547932811322,0.034452810247468615,0.09973761732737924,0.1279266425405778,26.071950814245028,57.49999999999999,72.5,80.0,90.0,10.460115473352555,7.781881098618783,14.15526093221357,10.031072430625427,21.50274960210982,37.5,37.5,60.0,75.0,,,,
test,BUU AP,right_height,normalized,40,0.05570161736311989,0.040672717624263735,0.07646676644718821,0.05202894361885414,-0.057837383740425574,0.5102623689914226,0.040672717624263735,0.03770838423661111,0.07621035807898764,0.11306605172037384,26.98108322579302,57.49999999999999,75.0,85.0,92.5,9.6904567181325,7.136404584782769,13.124485898634171,9.010501369757705,18.536246018363467,37.5,45.0,65.0,75.0,,,,
test,BUU AP,superior_width,normalized,40,0.02661988522182736,0.02337912558986981,0.03883964544051093,0.03518933833186864,-0.02219288226398075,0.16091773687020205,0.02337912558986981,0.01898678186074816,0.04396630664343696,0.05728969451891434,12.174205880122441,87.5,92.5,95.0,97.5,8.610837582948523,7.821749981942299,12.307417548363377,11.47624821171394,18.99834029401752,42.5,42.5,72.5,77.5,,,,
test,BUU AP,inferior_width,normalized,40,0.025349602312110676,0.026051546700364532,0.03498178233445768,0.035540728771557825,-0.04310966115979298,-0.07671003129603049,0.026051546700364532,0.022784982617748153,0.05706362127007662,0.060609038235830894,-2.76905483412063,85.0,82.5,97.5,97.5,8.227788093412977,8.531211573257554,11.333963234748134,11.471987851262746,20.187403921647142,47.5,37.5,67.5,65.0,,,,
test,BUU AP,orientation,degrees,40,1.7796312292221388,1.4794100548488474,2.5370694749519083,1.984351531665006,-0.005294881234954918,0.38501294752817095,1.4794100548488474,1.0834047675486929,3.1102781458489503,3.4346366739823266,16.86985311583431,,,,,,,,,,,,,,70.0,75.0,95.0,97.5
test,Lumos AP,left_height,normalized,62,0.08119832928112954,0.0680460659465465,0.10669261745693186,0.08835085399734448,-0.00044655252088499076,0.31396439478934457,0.06464928435944105,0.04488876437272747,0.13960379380459745,0.1578066612389901,16.19770191212496,45.208333333333336,51.35416666666668,65.3125,72.60416666666666,14.007493173095854,11.769217572370666,18.254974630348066,15.181538187451794,28.493398966112203,32.708333333333336,30.9375,46.770833333333336,55.00000000000001,,,,
test,Lumos AP,right_height,normalized,62,0.08774166348054425,0.07048362334128115,0.11091730104558407,0.09282597387056811,-0.0003705152096347142,0.29934967988340977,0.06568059644760237,0.05005110268727517,0.1509915821261584,0.17472839301990895,19.669150839714685,42.395833333333336,46.97916666666666,62.083333333333336,73.33333333333333,15.186995489994857,12.256348201804723,19.128947289470997,16.059466367719523,28.60099180521983,24.895833333333336,26.562500000000007,44.89583333333333,56.25,,,,
test,Lumos AP,superior_width,normalized,62,0.025454904723692287,0.024929955094798048,0.03407530920668667,0.03241830621807965,-0.003788798132443816,0.09146141870280233,0.025188505341383748,0.02116378967110996,0.05124620717170339,0.06866212580063077,2.0622730062927297,85.83333333333333,89.16666666666667,98.75,100.0,8.436340710795834,8.254443768731075,11.563528855857502,10.936753811728313,23.438439518835445,36.354166666666664,34.583333333333336,71.35416666666667,73.22916666666666,,,,
test,Lumos AP,inferior_width,normalized,62,0.02788859641059403,0.028887390451849012,0.03774936018177746,0.03911544405658094,-0.00028038187756984634,-0.0739871640250176,0.029219689096983602,0.02459965339070063,0.05690434950494164,0.07752646895043683,-3.58137077445594,84.79166666666667,85.20833333333334,97.1875,95.10416666666667,9.301815950923649,9.606743124127595,12.883655994544716,13.284369532678378,25.130730633933226,38.33333333333333,36.875,64.16666666666666,59.27083333333334,,,,
test,Lumos AP,orientation,degrees,62,1.7639820122806182,1.6493912793355305,2.62704969867421,2.4867910238890727,-0.0003761246616582614,0.10359282793724078,1.5914789805668008,1.2121275135211818,3.570526479228535,5.318519143293799,6.496139538120094,,,,,,,,,,,,,,69.16666666666667,75.72916666666669,95.83333333333334,92.18750000000001
test,MICCAI-2019,left_height,normalized,624,0.11642751734879786,0.09653059808152052,0.17118918302161582,0.14032083436895434,-0.00012091579870965319,0.3280388138132718,0.09653059808152048,0.06721679563226332,0.20290719690340855,0.29465719887045627,17.089533230936645,35.57692307692309,39.423076923076934,58.814102564102576,66.02564102564104,10.274825455654812,8.431044080490208,14.45773583307113,11.517560536211828,23.784650509534618,37.50000000000001,41.18589743589744,58.65384615384617,68.26923076923079,,,,
test,MICCAI-2019,right_height,normalized,624,0.11118951937285251,0.09609118745386226,0.16164406012379934,0.1348479261841085,-0.0009654544364958717,0.30339252203874445,0.09609118745386223,0.06995710734973654,0.20807406257894037,0.27741661293954045,13.57891643398594,34.61538461538463,37.50000000000001,60.737179487179496,64.42307692307693,9.953438070998908,8.553575690852476,14.331521737284461,11.75642323220045,23.427226413826883,37.339743589743605,39.74358974358975,65.3846153846154,68.4294871794872,,,,
test,MICCAI-2019,superior_width,normalized,624,0.047450564959719825,0.04265958987912586,0.060115949181174,0.054430796968334465,-0.007648668868956987,0.1739257120424259,0.042659589879125846,0.036015636887368266,0.08778229520416793,0.11241704676099165,10.096771418129505,60.57692307692308,66.8269230769231,90.06410256410258,93.10897435897436,7.576230334380959,6.745145642204303,9.738926840731521,8.673888484935457,17.91663186259983,40.384615384615394,45.99358974358976,72.59615384615387,77.8846153846154,,,,
test,MICCAI-2019,inferior_width,normalized,624,0.05165245379317356,0.04569705238955438,0.06894799362601768,0.06138407493196248,-0.003994641329515991,0.20420801653245446,0.045697052389554356,0.03776936365764304,0.0932544472455592,0.11270254543166701,11.529755057650828,57.21153846153848,62.17948717948719,87.82051282051283,92.62820512820514,8.37603084299853,7.3761104791621666,11.894329996456344,10.460489763889356,18.37285058504341,40.064102564102576,44.55128205128206,67.1474358974359,72.11538461538463,,,,
test,MICCAI-2019,orientation,degrees,624,2.317787516716539,1.9664657464463566,3.1566665351650127,2.754073919250799,-9.932802531253948e-05,0.23873316813998247,1.9664657464463557,1.3997779220341542,4.197564503962039,5.312491727049485,15.15763493143139,,,,,,,,,,,,,,55.288461538461554,63.46153846153847,90.86538461538464,93.26923076923077
test,Mendeley PA,left_height,normalized,1215,0.09082211091844423,0.07470168564496428,0.1295851986834766,0.10779272530884376,-6.670119451190892e-05,0.3080143734686005,0.07515969262088333,0.05489567012724217,0.16476461462012024,0.20335065090382012,17.749450117885562,40.19119693575228,46.375354832705106,65.32981713789337,75.65287555759424,8.106354293988735,6.86984134648996,13.490793454252906,11.69438397926495,21.378815534895487,50.63515331210431,56.44130219447824,71.39809071750996,76.84548739222062,,,,
test,Mendeley PA,right_height,normalized,1215,0.08374864314191381,0.0750107609461446,0.11624945396834574,0.10278933225339017,-2.2674675105749387e-05,0.21814882420993642,0.07554027158566384,0.05741047779381923,0.15683911968963304,0.20013807404845774,10.433461209589613,40.81235360727193,43.38598208607282,68.97090205620151,74.1123614739767,7.752631908892402,7.004748269919797,12.422955565368579,11.260310316506299,22.17218766124056,53.916250617702524,56.37033011352431,72.4602038916921,75.8397928951468,,,,
test,Mendeley PA,superior_width,normalized,1215,0.052287213831828105,0.05016447962000906,0.07257230885557509,0.06857206337998417,-0.0013305720174032754,0.10601541282220917,0.0504604347466099,0.039280139243109295,0.10643740702908576,0.1346097419191255,4.059757742392651,59.55026824355317,60.57298972453237,87.18520162031959,88.48230490018149,7.99725563505415,7.754572248848606,12.715636940230628,12.101373044654874,25.914735938901355,53.10344273592912,53.434165652858944,71.62125860628583,72.63295562070516,,,,
test,Mendeley PA,inferior_width,normalized,1215,0.05297964416791801,0.05029257238439645,0.07297864269868613,0.07018108685843193,-0.0013421747876556367,0.07395706261436552,0.05057369316891299,0.040240803462693264,0.10210154827411894,0.12978038254520538,5.07189473565533,58.47831337849486,59.958885387651264,88.06824477196527,89.45005362655091,8.405520213420628,8.033672536613427,13.186136902758307,12.759999858002347,26.063063467058566,51.238410460279795,53.65315366222807,69.63268582597077,69.90435859764354,,,,
test,Mendeley PA,orientation,degrees,1215,2.4520345637056002,2.2198306743668637,6.304043629890933,5.924061860039563,-6.151776036134038e-06,0.11691314353546844,2.2383940400560842,1.2921652535783892,3.5435252942810394,4.574129982181934,9.469845685528265,,,,,,,,,,,,,,64.72581209877035,68.46799802335191,94.79637976461935,95.94354198936776
test,NIH ChestX-ray14,left_height,normalized,227,0.059888010879526596,0.05556214160438283,0.07874064853903102,0.07276416700608088,-0.0010766986619707986,0.14512128961417725,0.054028567821248305,0.039987609119727915,0.11356960252319763,0.1442622280389282,7.223264242063203,56.34223184223185,54.74159585270696,79.89385922719256,80.52022874245095,3.383555727183027,3.182094943930145,4.441484224905263,4.2253283486814865,7.875862352575651,78.88945005611671,77.87841376730266,96.57687991021324,96.53572764683875,,,,
test,NIH ChestX-ray14,right_height,normalized,227,0.06431108190981241,0.05993870384971852,0.08508783409171716,0.0769046666418695,-0.0006206704230258264,0.18259004911749432,0.05763335263720336,0.04526023339080551,0.12783395863752217,0.1506448450521526,6.798794127310064,52.72238255571588,52.392042114264335,77.63943669499224,82.82395382395381,3.6247581201667542,3.423752100279751,4.754886437655397,4.4056862922648445,8.241279317556423,72.37643632088077,76.50782961894073,96.0477793811127,98.10325476992143,,,,
test,NIH ChestX-ray14,superior_width,normalized,227,0.03294619126461226,0.03330280512199348,0.04194814820064196,0.04228467446107633,-0.0017441308562486935,-0.01788145538912711,0.03329620305395503,0.027912726302291437,0.0655293618007568,0.08170907811616669,-1.0824130003890973,76.31697931697931,75.57800224466891,97.12391106835551,96.82929827374272,3.0903802360756214,3.133697123248577,3.920873721919434,3.95550216078656,7.69011785168088,80.13553524664636,77.29228795895463,98.75140291806959,98.4567901234568,,,,
test,NIH ChestX-ray14,inferior_width,normalized,227,0.035595568298638226,0.035358702391329676,0.04425649730946864,0.04382999512745483,-0.0016365601597674306,0.017576063029776545,0.035950363303688455,0.033478504913244174,0.06910649043582189,0.08358487683227209,0.6654365097399281,73.620784565229,73.0488482710705,97.52674897119343,97.98971193415639,3.3414077434436176,3.3303436220279092,4.1404738323241626,4.153762061775356,8.005384586825532,75.86665597776707,77.87563465341242,99.07407407407408,98.79629629629628,,,,
test,NIH ChestX-ray14,orientation,degrees,227,0.9431180816125156,0.9727557725354323,1.2887728555642544,1.3165090061395783,-0.0009151765843653514,-0.0444608905998245,0.9754642194120441,0.7607549306156187,2.1133900417181737,2.7666826945017955,-3.1425217584889293,,,,,,,,,,,,,,86.85414996526109,86.5173694618139,100.0,100.0
